{"assets/images/Empty_Toast.png":["assets/images/Empty_Toast.png"],"assets/images/GoogleLogo.png":["assets/images/GoogleLogo.png"],"assets/images/LogoSpreadIt.png":["assets/images/LogoSpreadIt.png"],"assets/images/UserAvatar.png":["assets/images/UserAvatar.png"],"assets/images/downvoteicon.png":["assets/images/downvoteicon.png"],"assets/images/upvoteicon.png":["assets/images/upvoteicon.png"],"packages/cupertino_icons/assets/CupertinoIcons.ttf":["packages/cupertino_icons/assets/CupertinoIcons.ttf"],"packages/flutter_chat_ui/assets/2.0x/icon-arrow.png":["packages/flutter_chat_ui/assets/2.0x/icon-arrow.png"],"packages/flutter_chat_ui/assets/2.0x/icon-attachment.png":["packages/flutter_chat_ui/assets/2.0x/icon-attachment.png"],"packages/flutter_chat_ui/assets/2.0x/icon-delivered.png":["packages/flutter_chat_ui/assets/2.0x/icon-delivered.png"],"packages/flutter_chat_ui/assets/2.0x/icon-document.png":["packages/flutter_chat_ui/assets/2.0x/icon-document.png"],"packages/flutter_chat_ui/assets/2.0x/icon-error.png":["packages/flutter_chat_ui/assets/2.0x/icon-error.png"],"packages/flutter_chat_ui/assets/2.0x/icon-seen.png":["packages/flutter_chat_ui/assets/2.0x/icon-seen.png"],"packages/flutter_chat_ui/assets/2.0x/icon-send.png":["packages/flutter_chat_ui/assets/2.0x/icon-send.png"],"packages/flutter_chat_ui/assets/3.0x/icon-arrow.png":["packages/flutter_chat_ui/assets/3.0x/icon-arrow.png"],"packages/flutter_chat_ui/assets/3.0x/icon-attachment.png":["packages/flutter_chat_ui/assets/3.0x/icon-attachment.png"],"packages/flutter_chat_ui/assets/3.0x/icon-delivered.png":["packages/flutter_chat_ui/assets/3.0x/icon-delivered.png"],"packages/flutter_chat_ui/assets/3.0x/icon-document.png":["packages/flutter_chat_ui/assets/3.0x/icon-document.png"],"packages/flutter_chat_ui/assets/3.0x/icon-error.png":["packages/flutter_chat_ui/assets/3.0x/icon-error.png"],"packages/flutter_chat_ui/assets/3.0x/icon-seen.png":["packages/flutter_chat_ui/assets/3.0x/icon-seen.png"],"packages/flutter_chat_ui/assets/3.0x/icon-send.png":["packages/flutter_chat_ui/assets/3.0x/icon-send.png"],"packages/flutter_chat_ui/assets/icon-arrow.png":["packages/flutter_chat_ui/assets/icon-arrow.png","packages/flutter_chat_ui/assets/2.0x/icon-arrow.png","packages/flutter_chat_ui/assets/3.0x/icon-arrow.png"],"packages/flutter_chat_ui/assets/icon-attachment.png":["packages/flutter_chat_ui/assets/icon-attachment.png","packages/flutter_chat_ui/assets/2.0x/icon-attachment.png","packages/flutter_chat_ui/assets/3.0x/icon-attachment.png"],"packages/flutter_chat_ui/assets/icon-delivered.png":["packages/flutter_chat_ui/assets/icon-delivered.png","packages/flutter_chat_ui/assets/2.0x/icon-delivered.png","packages/flutter_chat_ui/assets/3.0x/icon-delivered.png"],"packages/flutter_chat_ui/assets/icon-document.png":["packages/flutter_chat_ui/assets/icon-document.png","packages/flutter_chat_ui/assets/2.0x/icon-document.png","packages/flutter_chat_ui/assets/3.0x/icon-document.png"],"packages/flutter_chat_ui/assets/icon-error.png":["packages/flutter_chat_ui/assets/icon-error.png","packages/flutter_chat_ui/assets/2.0x/icon-error.png","packages/flutter_chat_ui/assets/3.0x/icon-error.png"],"packages/flutter_chat_ui/assets/icon-seen.png":["packages/flutter_chat_ui/assets/icon-seen.png","packages/flutter_chat_ui/assets/2.0x/icon-seen.png","packages/flutter_chat_ui/assets/3.0x/icon-seen.png"],"packages/flutter_chat_ui/assets/icon-send.png":["packages/flutter_chat_ui/assets/icon-send.png","packages/flutter_chat_ui/assets/2.0x/icon-send.png","packages/flutter_chat_ui/assets/3.0x/icon-send.png"],"packages/ionicons/assets/fonts/Ionicons.ttf":["packages/ionicons/assets/fonts/Ionicons.ttf"],"packages/wakelock_web/assets/no_sleep.js":["packages/wakelock_web/assets/no_sleep.js"]}